SQL> SELECT ENAME, LOC
  2  FROM EMP, DEPT
  3  WHERE EMP.DEPTNO = DEPT.DEPTNO;

ENAME      LOC                                                                                      
---------- -------------                                                                            
SMITH      DALLAS                                                                                   
ALLEN      CHICAGO                                                                                  
WARD       CHICAGO                                                                                  
JONES      DALLAS                                                                                   
MARTIN     CHICAGO                                                                                  
BLAKE      CHICAGO                                                                                  
CLARK      NEW YORK                                                                                 
SCOTT      DALLAS                                                                                   
KING       NEW YORK                                                                                 
TURNER     CHICAGO                                                                                  
ADAMS      DALLAS                                                                                   
JAMES      CHICAGO                                                                                  
FORD       DALLAS                                                                                   
MILLER     NEW YORK                                                                                 

14 rows selected.

SQL> SELECT DNAME, SAL
  2  FROM DEPT, EMP
  3  WHERE DEPT.DEPTNO = EMP.DEPTNO AND DNAME = 'ACCOUNTING';

DNAME                 SAL                                                                           
-------------- ----------                                                                           
ACCOUNTING           2450                                                                           
ACCOUNTING           5000                                                                           
ACCOUNTING           1300 

3 rows selected.                                                                          

SQL> SELECT ENAME, SAL*12 AS "ANNUAL SAL"
  2  FROM EMP, DEPT
  3  WHERE DEPT.DEPTNO = EMP.DEPTNO AND SAL>2340;

ENAME          ANNUAL SAL                                                                              
---------- --------------                                                                               
JONES           35700                                                                               
BLAKE           34200                                                                               
CLARK           29400                                                                               
SCOTT           36000                                                                               
KING            60000                                                                               
FORD            36000                                                                               

6 rows selected.

SQL> SELECT ENAME, DNAME
  2  FROM EMP, DEPT
  3  WHERE EMP.DEPTNO = DEPT.DEPTNO AND DNAME LIKE '%A%';

ENAME      DNAME                                                                                    
---------- --------------                                                                           
SMITH      RESEARCH                                                                                 
ALLEN      SALES                                                                                    
WARD       SALES                                                                                    
JONES      RESEARCH                                                                                 
MARTIN     SALES                                                                                    
BLAKE      SALES                                                                                    
CLARK      ACCOUNTING                                                                               
SCOTT      RESEARCH                                                                                 
KING       ACCOUNTING                                                                               
TURNER     SALES                                                                                    
ADAMS      RESEARCH                                                                                 
JAMES      SALES                                                                                    
FORD       RESEARCH                                                                                 
MILLER     ACCOUNTING                                                                               

14 rows selected.

SQL> SELECT ENAME, DNAME FROM EMP, DEPT
  2  WHERE DEPT.DEPTNO = EMP.DEPTNO AND JOB = 'SALESMAN';

ENAME      DNAME                                                                                    
---------- --------------                                                                           
ALLEN      SALES                                                                                    
WARD       SALES                                                                                    
MARTIN     SALES                                                                                    
TURNER     SALES                                                                                    

SQL> SELECT DNAME, JOB FROM EMP, DEPT
  2  WHERE DEPT.DEPTNO = EMP.DEPTNO AND DNAME LIKE 'S%' AND JOB LIKE 'S%';

DNAME          JOB                                                                                  
-------------- ---------                                                                            
SALES          SALESMAN                                                                             
SALES          SALESMAN                                                                             
SALES          SALESMAN                                                                             
SALES          SALESMAN                                                                             

SQL> SELECT DNAME, MGR FROM DEPT, EMP
  2  WHERE DEPT.DEPTNO = EMP.DEPTNO AND MGR = 7839;

DNAME                 MGR                                                                           
-------------- ----------                                                                           
RESEARCH             7839                                                                           
SALES                7839                                                                           
ACCOUNTING           7839                                                                           

SQL> SELECT DNAME, HIREDATE FROM EMP, DEPT
  2  WHERE DEPT.DEPTNO = EMP.DEPTNO AND HIREDATE > '31-DEC-83' AND DNAME IN ('ACCOUNTING', 'RESEARCH');

DNAME          HIREDATE                                                                             
-------------- ---------                                                                            
RESEARCH       19-APR-87                                                                            
RESEARCH       23-MAY-87                                                                            

SQL> SELECT ENAME, DNAME
  2  FROM EMP, DEPT
  3  WHERE EMP.DEPTNO = DEPT.DEPTNO AND (COMM IS NOT NULL) AND EMP.DEPTNO IN (10, 30);

ENAME      DNAME                                                                                    
---------- --------------                                                                           
ALLEN      SALES                                                                                    
WARD       SALES                                                                                    
MARTIN     SALES                                                                                    
TURNER     SALES                                                                                    

SQL> SELECT DNAME, EMPNO
  2  FROM DEPT, EMP
  3  WHERE DEPT.DEPTNO = EMP.DEPTNO AND EMPNO IN (7839, 7902) AND LOC IN ('NEW YORK');

DNAME               EMPNO                                                                           
-------------- ----------                                                                           
ACCOUNTING           7839                                                                           

SQL> SPOOL END
